Time,Action,BE_Val0,BE_Val1,BE_Val2,LE_Val0,LE_Val1,LE_Val2
0.00,STAY,-483258838,-550792433,599220128,705573603,261303263,-1604339933
0.05,STAY,-483288376,-550777884,599200887,-929418781,-456447009,1997846307
0.10,STAY,-483327641,-550738852,599167093,1728131555,1550068959,1972418083
0.15,STAY,-483344005,-550707205,599156574,2076258531,-69260065,1583855139
0.20,STAY,-483332045,-550702681,599165436,871379171,-1477366561,-58083805
0.25,STAY,-483312603,-550717500,599174959,624701923,-994628385,800044579
0.30,STAY,-483315153,-550727011,599169687,791818723,-1651364641,-1751468509
0.35,STAY,-483356894,-550741222,599115449,579809507,442182879,-1178159837
0.40,STAY,-483366315,-550728934,599092976,1433022691,445328607,-261180125
0.45,STAY,-483359306,-550733188,599081398,-1232785181,2088381663,-1237207773
0.51,STAY,-483391111,-550732711,599035523,2030645475,1501310175,-2087799773
0.56,STAY,-483404580,-550741470,599004776,-590073885,576335071,1746318371
0.61,STAY,-483456049,-550714579,598934645,-821350429,767765727,1963242275
0.66,STAY,-483451908,-550720140,598919936,-65327133,1957506271,13349411
0.71,STAY,-483448919,-550717707,598898650,-1457049629,-172610337,-629689821
0.76,STAY,-483427093,-550736469,598897779,-344182813,-1418908449,1937027619
0.81,STAY,-483413955,-550744985,598886286,1034956771,1733045471,-1907903965
0.86,STAY,-483414573,-550756123,598857123,-743624733,-450876193,-1546276573
0.91,STAY,-483412405,-550770962,598842705,1270231011,-286905377,1369288995
0.96,STAY,-483423570,-550773379,598806689,-1366675485,2111646687,-1592741597
1.01,STAY,-483420683,-550786100,598793895,-174772253,-861197345,-1478578141
1.06,STAY,-483418608,-550797569,598779034,278802403,-8508449,-1700483037
1.11,STAY,-483419109,-550802601,598759380,463220707,1466641375,-732450781
1.16,STAY,-483403410,-550823498,598753383,1859727331,-1239864353,1732292643
1.21,STAY,-483412699,-550830821,598723027,632631267,469576415,-741757149
1.26,STAY,-483405366,-550840437,598712153,-892260381,-1948833057,1503637283
1.31,STAY,-483409596,-550838456,598692987,1153511395,1222585055,2069147427
1.36,STAY,-483432710,-550844942,598664013,-93966365,-221959457,1306766883
1.41,STAY,-483443673,-550854000,598636645,658255843,-1868420385,1702407715
1.46,STAY,-483457779,-550860327,598611882,218443747,-645322017,-1441288669
1.51,STAY,-483467832,-550865592,598591702,-925028637,1215638239,-691491549
1.57,STAY,-483471415,-550865442,598572643,-909168925,-562746657,1669246243
1.62,STAY,-483479084,-550877040,598550786,-726585629,-1874318625,36285731
1.67,STAY,-483492981,-550871446,598524616,-1954861341,1784556255,-926766045
1.72,STAY,-483496848,-550874792,598510795,1886138083,1481714399,-879973341
1.77,STAY,-483510006,-550868374,598485097,171519715,1785342687,1764273187
1.82,STAY,-483506938,-550872083,598476294,105197283,-312792353,101100579
1.87,STAY,-483519133,-550879922,598447493,1662332643,1312631519,-2053788893
1.92,STAY,-483531173,-550875839,598426315,1541811683,1095576287,-884823261
1.97,STAY,-483536912,-550876945,598409019,-254857757,-280483105,1006610979
2.02,STAY,-483550281,-550874419,598382356,-1214566941,-850253089,345483811
2.07,STAY,-483559036,-550879047,598361671,-2072433181,-1186977057,1195813411
2.12,STAY,-483569276,-550882871,598337623,-2075054621,-919524641,1474865443
2.17,STAY,-483567327,-550887288,598326023,559492579,-2011157793,129739043
2.22,STAY,-483583495,-550886374,598296263,-115790365,438577887,-951670493
2.27,STAY,-483600461,-550887946,598265964,-1277743901,-165860641,1825613859
2.32,STAY,-483619271,-550883618,598234603,965618915,-567399713,-346707933
2.37,STAY,-483634300,-550882607,598206630,-2074923805,-785241377,-1494702301
2.42,STAY,-483622985,-550889052,598204427,-1216402205,-1541854497,199272227
2.47,STAY,-483605275,-550896196,598202948,-440128285,-1124259361,1155180323
2.52,STAY,-483592871,-550909662,598196252,1509240035,583608799,482387747
2.57,STAY,-483591459,-550920785,598181632,-570807069,-1348654625,8890147
2.63,STAY,-483592340,-550927868,598160174,1828138211,75639263,775137059
2.68,STAY,-483592977,-550936542,598140032,-269210397,576727519,-2132498909
2.73,STAY,-483597248,-550944869,598127301,1088695523,-1690359329,-978147805
2.78,STAY,-483592147,-550953462,598121001,771239139,169748959,698000931
2.83,STAY,-483580752,-550961479,598115660,-1339806237,-1174525729,1283827235
2.88,STAY,-483578374,-550975529,598097317,-97702429,-674813729,-1522686429
2.93,STAY,-483594970,-550986978,598071764,653077731,513485023,-723933917
2.98,STAY,-483614775,-550997097,598039364,-912315165,-1754060577,1146856739
3.03,STAY,-483631674,-551006055,598013803,-966972189,-1722799905,1811391523
3.08,STAY,-483650924,-551008231,597986590,-1810748189,424159455,512599075
3.13,STAY,-483645776,-551014565,597975032,-1339675421,1529817311,-127949789
3.18,STAY,-483622726,-551027204,597976327,-1166005021,-50518049,124101667
3.23,STAY,-483612091,-551032578,597970363,1168780515,-18339873,-1152539613
3.28,STAY,-483602646,-551041051,597959682,718220515,-439932961,35955747
3.33,STAY,-483593557,-551052636,597949386,-1410192157,-1533401121,-889478365
3.38,STAY,-483599923,-551054836,597928330,-841405213,210905055,-1968594141
3.43,STAY,-483627132,-551064881,597891366,-2073088797,-815126561,639214371
3.49,STAY,-483600788,-551073246,597899833,1825975523,575285215,960144163
3.54,STAY,-483604144,-551084744,597876935,1355361507,941434847,-941579741
3.59,STAY,-483606403,-551099375,597854619,2109746403,300164831,-1685478877
3.64,STAY,-483589334,-551099720,597857048,704851427,-1193138465,412328483
3.69,STAY,-483598789,-551101865,597833796,1004416227,1473914591,1144562211
3.74,STAY,-483612374,-551107272,597808834,715730147,952444639,-1026121437
3.79,STAY,-483601953,-551112937,597802919,-539939613,397354719,-1480613597
3.84,STAY,-483613872,-551121237,597780077,1352871139,-1416747297,1835442467
3.89,STAY,-483613189,-551131523,597768036,-73061149,2103846623,1681367331
3.94,STAY,-483635160,-551142500,597734723,676343011,-1673845025,1135976483
3.99,STAY,-483641583,-551146803,597719263,288828643,-852875553,-545742813
4.04,STAY,-483650154,-551156906,597705729,-1776997149,1443047135,21274659
4.09,STAY,-483641487,-551159417,597701376,1899441379,-2013714977,3383331
4.14,STAY,-483636950,-551170943,597688061,709438691,-2117327393,-33644765
4.19,STAY,-483617789,-551160285,597697840,60042467,603334111,807772195
4.24,STAY,-483607784,-551151965,597698561,414919907,-1558829345,19439651
4.29,STAY,-483598380,-551145828,597695718,-723571485,-1674696993,-434331613
4.34,STAY,-483594352,-551137203,597685378,-1863373597,1297098463,-2097897693
4.39,STAY,-483585608,-551132450,597685146,-1206833693,-563992865,-1695310045
4.44,STAY,-483577537,-551119391,597686169,1060187619,-510318881,-1711825117
4.49,STAY,-483567869,-551114415,597686829,56045027,1370040031,771399459
4.55,STAY,-483565642,-551101319,597682046,-1235276317,2044471007,2129108771
4.60,STAY,-483558300,-551090509,597685469,1685859811,-1291442209,-571171037
4.65,STAY,-483559039,-551061448,597696437,-2122764829,947398623,-1256218589
4.70,STAY,-483553146,-551037958,597712493,-2037371421,-86824993,1834917923
4.75,STAY,-483544468,-551009694,597726232,1823616483,1648503007,412393507
4.80,STAY,-483546219,-550991996,597725946,-1783943709,-2071516961,-91054045
4.85,STAY,-483547277,-550967638,597722564,1940336099,-1427756833,-997875677
4.90,STAY,-483556169,-550949030,597715031,-1216074269,1513040351,1466474531
4.95,STAY,-483547414,-550928246,597722955,-358208029,-1971312161,1267179555
5.00,PITCH (前),-483555532,-550906860,597710952,881274339,349448671,1750638627
5.05,PITCH (前),-483552397,-550884496,597712611,1939025379,1881877215,-480337885
5.10,PITCH (前),-483542759,-550875290,597720339,431566307,1716464351,327000099
5.15,PITCH (前),-483501328,-550845572,597759554,-262525213,2093165279,1108779299
5.20,PITCH (前),-483498055,-550814946,597763480,-1184420125,507194335,-1742364381
5.25,PITCH (前),-483519697,-550800831,597744207,789786339,1098001375,1339727907
5.30,PITCH (前),-483524271,-550785451,597744294,1359032035,1437477855,-1495621597
5.35,PITCH (前),-483508863,-550764271,597760997,-2126696733,285289695,-451174109
5.41,PITCH (前),-483500565,-550731745,597767248,-346214685,528493791,1345626403
5.46,PITCH (前),-483505792,-550704691,597764785,-2142687517,-840356641,-1322606301
5.51,PITCH (前),-483520554,-550681471,597756350,-703648029,-2126238241,-1106665181
5.56,PITCH (前),-483816044,-549833976,597363260,-1802688029,137575135,1007328035
5.61,PITCH (前),-484707564,-541122182,597674943,351476707,2049032159,-1077174493
5.66,PITCH (前),-480826335,-543684521,597577478,556554211,1460181215,105881123
5.71,PITCH (前),-467758207,-564533073,594460847,-2121064732,-1343727138,-1346343389
5.76,PITCH (前),-431505203,-600795215,594272325,-843036698,-1315491620,1172335395
5.81,PITCH (前),-398323571,-622791778,601672814,-1928314136,-1628184358,1858919459
5.86,PITCH (前),-365090436,-639096850,622286439,2083077610,-299374375,1733695269
5.91,PITCH (前),-357279811,-641035165,642111862,-1118325526,1670695641,1993950502
5.96,PITCH (前),-377554467,-628584839,648185277,-570851607,2039384282,-1115315674
6.01,PITCH (前),-403361024,-612802362,638155022,3405287,-966755877,242813222
6.06,PITCH (前),-437922590,-595989148,617731835,-489363995,1693284828,-69807836
6.11,PITCH (前),-464227324,-582977984,602982679,74732772,1081491677,399110179
6.16,PITCH (前),-502424027,-568856792,581940158,631115234,686757854,-1095520478
6.21,PITCH (前),-534709502,-549218620,561529296,50012384,-996785185,-801015775
6.26,PITCH (前),-553376690,-523733640,548326031,1310983391,2020985056,-1882542560
6.32,PITCH (前),-568616122,-493981855,535851428,1184570334,1634701026,-1536036833
6.37,PITCH (前),-574604650,-470124693,527112985,-1774534435,1803025123,421227295
6.42,PITCH (前),-573817375,-455886548,521492879,-516043555,750375908,-1889987297
6.47,PITCH (前),-574042168,-448610132,515561198,-925906723,-1396686107,-287917538
6.52,PITCH (前),-566802152,-450497924,517189451,407451614,2096244197,1269814046
6.57,PITCH (前),-555141912,-457245305,521680925,-399185442,-2013413660,490215455
6.62,PITCH (前),-543305571,-463924262,526081942,-1647272481,-636266012,-1772135649
6.67,PITCH (前),-537007007,-470243246,522995320,1642921439,1386805475,2017864735
6.72,PITCH (前),-527793105,-476656823,525443248,797215456,1238079203,-1331670753
6.77,PITCH (前),-524843301,-478566240,530154668,-611928096,-1599571485,-1400596193
6.82,PITCH (前),-526918909,-479459502,541207955,64722912,1376218339,-1825750496
6.87,PITCH (前),-524203331,-483953332,558926592,-1119174176,1282746339,9130017
6.92,PITCH (前),-522569016,-489034301,572570989,-935666976,-1007822366,1841111074
6.97,PITCH (前),-523208838,-494489010,579517072,2054672608,1320322786,-1866823134
7.02,PITCH (前),-528983690,-496030397,580549820,1985575136,1127051234,-1132684766
7.07,PITCH (前),-538179208,-491235829,582162601,2013916383,190232802,-1457999070
7.12,PITCH (前),-534317245,-495370779,590123854,1140270816,-448955934,1318267939
7.17,PITCH (前),-523873602,-503519021,598065822,-1101871392,-739705631,-1631410909
7.22,PITCH (前),-515227227,-509015237,603081319,-1522447647,990620129,1732964899
7.28,PITCH (前),-501534193,-519484852,613748651,254942178,1279920609,-1425042140
7.33,PITCH (前),-486925938,-529451382,625747573,-1910899998,-1976143392,1965444133
7.38,PITCH (前),-473233864,-538492755,637215566,939969507,-1388255265,1310980901
7.43,PITCH (前),-463210716,-545904913,644147833,620192740,-282691873,2045404198
7.48,PITCH (前),-454495875,-552326041,650819276,2113005796,1730942175,-860435930
7.53,PITCH (前),-447043690,-557746213,657746249,-1767417115,-612908578,1231631399
7.58,PITCH (前),-437576210,-563522474,665811997,-300028955,1448372702,494710567
7.63,PITCH (前),-429783301,-568965502,670581740,-83467546,-2109335842,-331089881
7.68,PITCH (前),-420210951,-577123031,675833893,-115936026,701340125,627591208
7.73,PITCH (前),-407314630,-586023308,684028353,987740391,1962807773,-1049508568
7.78,PITCH (前),-399864543,-590285961,691103666,562899688,2012467420,-1301860055
7.83,PITCH (前),-393601049,-594801884,698084824,-417363224,604736732,-655516887
7.88,PITCH (前),-392936441,-596535395,699986340,121935080,-1651019300,-1527662551
7.93,PITCH (前),-384253494,-600012149,703969227,-893314839,-1953874724,-877136599
7.98,PITCH (前),-366562686,-606698583,713974911,-2102253846,-1450977573,2137296426
8.03,PITCH (前),-351967843,-612814295,722650282,-1654323733,691173851,-1429990869
8.08,PITCH (前),-338982196,-620942163,729595919,-863319061,-1389560358,264272939
8.13,PITCH (前),-321886763,-631214036,737189476,-714747668,745562330,1688137771
8.19,PITCH (前),-303815561,-642311614,745852384,1998906605,1109047257,-523406292
8.24,PITCH (前),-295667360,-647640447,750471633,1618567406,-2117442087,-783697108
8.29,PITCH (前),-290611213,-649723849,753110834,-207639058,922765017,848290604
8.34,PITCH (前),-283306609,-651237073,756530088,-1894441489,803811033,-1464133843
8.39,PITCH (前),-275914049,-652391233,760807901,-1075671569,-1085530663,-587114195
8.44,PITCH (前),-264304404,-655065403,765556691,-335003664,-981535528,-747134675
8.49,PITCH (前),-242397101,-664323294,770656125,1397788145,574318552,2101866285
8.54,PITCH (前),-219619857,-674957529,774919400,-270669582,670549207,-397135826
8.59,PITCH (前),-206106411,-680159888,776531210,-720324621,1888843223,183322670
8.64,PITCH (前),-203320772,-680784174,776778235,1016259059,-770806569,-72266706
8.69,PITCH (前),-195427656,-682388660,779385555,-1207805196,1284723671,-746949586
8.74,PITCH (前),-190590969,-682570216,782197401,131113972,416174295,-1721589970
8.79,PITCH (前),-185896058,-683567913,783504147,-2039223308,-678149673,324252462
8.84,PITCH (前),-178762397,-686444256,783561919,1666013429,548476375,-1087065042
8.89,PITCH (前),-168960898,-689605007,784869698,2128408053,1903617494,1110034478
8.95,PITCH (前),-162373650,-690505604,787885889,-295742730,2092488662,1093662254
9.00,PITCH (前),-157163694,-689477491,791898875,1390387702,-1922504746,-76926161
9.05,PITCH (前),-153180695,-688670884,794946250,-375005450,1555559382,-890609361
9.10,PITCH (前),-146208823,-689739027,797174035,-922269193,-311761962,334070575
9.15,PITCH (前),-136543770,-692058219,799337027,-427696905,-1794653994,1139450927
9.20,PITCH (前),-129453120,-693429523,800949723,-1061992200,-317019178,-611992273
9.25,PITCH (前),-122539159,-693945101,803017875,1764995832,-214129706,-1827349201
9.30,PITCH (前),-112939759,-695183328,804805728,296568057,542675158,1616705583
9.35,PITCH (前),-105690101,-694992416,806822718,189576185,-532573226,1042487088
9.40,PITCH (前),-100517732,-694606412,808382199,-1674050822,-1272604202,-135385552
9.45,PITCH (前),-92709995,-695122130,809727435,-1789167110,776442326,-881507536
9.50,PITCH (前),-89021114,-695560568,810128111,1185264122,-2003399978,-275625680
9.55,PITCH (前),-84679251,-696018115,810711498,-1377438726,1033602006,-898018768
9.60,PITCH (前),-77187969,-696600997,811803382,2134140667,1538685654,-165518544
9.65,PITCH (前),-68066696,-697265297,812740473,2019750395,1871933654,2037346608
9.70,PITCH (前),-60650488,-698493023,812731225,143418108,-1579721258,1498116400
9.75,PITCH (前),-54180331,-700156768,812032436,356959740,-1602992938,-1264490960
9.80,PITCH (前),-44953703,-702422670,810828199,-1727048963,1927356886,-1488890832
9.85,PITCH (前),-39804642,-703150975,810499457,513908989,-2117855530,-2126688464
9.90,PITCH (前),-35421201,-703595426,810321099,-276569091,1593577430,-880522192
9.95,PITCH (前),-30403309,-703921049,810223509,320155902,1728318422,-1794684112
10.01,ROLL (右傾),-27619614,-703082309,811036513,-493987074,-1143990314,1634686768
10.06,ROLL (右傾),-25690869,-701388074,812527396,201160702,-693489194,607088176
10.11,ROLL (右傾),-20557226,-701227537,812727653,1448265470,-283298602,1698525488
10.16,ROLL (右傾),-16364642,-701758311,812276670,-1639250177,-1727779626,-1101305296
10.21,ROLL (右傾),-11128847,-702496176,811580318,-248555777,1354899670,-1631887568
10.26,ROLL (右傾),-956031,-702870552,810968154,-2123763201,-401925162,1516525104
10.31,ROLL (右傾),9931429,-701868508,811305159,-1517644032,609626838,-947365072
10.36,ROLL (右傾),18609056,-699743589,812434916,-1594680575,-1681765674,-456823760
10.41,ROLL (右傾),25102901,-697809725,813461213,889880321,-1018926890,-579961808
10.46,ROLL (右傾),35287382,-696777645,813050172,1450252802,1392802006,1009350192
10.51,ROLL (右傾),42577572,-696513967,812120741,-1532065534,1359641814,-1510316240
10.56,ROLL (右傾),49421460,-696507522,810904839,-1810042366,2116254934,124605744
10.61,ROLL (右傾),52207758,-696890093,809971882,-1902109693,323843798,-1439676624
10.66,ROLL (右傾),57204282,-696829005,809055986,987654147,-1287948330,-231327440
10.71,ROLL (右傾),62882095,-696268133,808362034,797032195,-1681227818,849358384
10.76,ROLL (右傾),69017294,-695688098,807438522,-836887292,1587841238,-1165483984
10.81,ROLL (右傾),73362416,-695758522,806212938,-261398780,1183942614,1255476528
10.86,ROLL (右傾),74308684,-696398682,805252489,1289514244,-1496547882,-1993474257
10.91,ROLL (右傾),76270587,-696872062,804182285,-70546684,-2104265002,232386095
10.96,ROLL (右傾),77654247,-696500566,804058408,-404185084,-1438745386,687205423
11.02,ROLL (右傾),79243269,-696315081,803689759,86554884,924024790,525723439
11.07,ROLL (右傾),77183994,-696980104,803725191,-88368892,2028827862,-2015369425
11.12,ROLL (右傾),79434991,-697806396,802405629,-283853820,-1001297706,-37956817
11.17,ROLL (右傾),79098827,-697528514,802633346,-873220604,1049586902,-2110335185
11.22,ROLL (右傾),73368046,-697938371,803802293,-293511420,1028548310,-1257445073
11.27,ROLL (右傾),63167736,-699313576,805164524,-119749885,1481789910,-321520337
11.32,ROLL (右傾),38377568,-700630692,809094873,1620592898,1547255254,-640796368
11.37,ROLL (右傾),6485065,-702020677,811581007,1240752640,-1157420842,1337876272
11.42,ROLL (右傾),-25328412,-700719698,813183949,-461079042,-1361232938,-852264912
11.47,ROLL (右傾),-68824357,-695289753,813919277,-606935557,1740148438,762086192
11.52,ROLL (右傾),-115372708,-684270992,814583019,1552752633,1893349079,-343110352
11.57,ROLL (右傾),-154599371,-666940005,819406906,889244150,-1689436200,975755056
11.62,ROLL (右傾),-210640313,-634905814,826895759,1206022643,706423002,-1888663247
11.67,ROLL (右傾),-265347770,-604610084,827414480,1176317936,-597559589,-799583951
11.72,ROLL (右傾),-294217866,-585435417,829335238,1989637870,-403301667,-962171343
11.77,ROLL (右傾),-310592704,-569501926,833997389,1086029037,437718750,1305130289
11.82,ROLL (右傾),-327181242,-551382787,839211379,1184661484,-40885537,1935213874
11.87,ROLL (右傾),-346667950,-529902631,846613351,1380210411,-648844576,1732998706
11.92,ROLL (右傾),-362268028,-512076706,853692310,-2076546838,1582594785,-1773149646
11.98,ROLL (右傾),-377668794,-493565312,859834773,1178303977,-2134207262,-1794555853
12.03,ROLL (右傾),-394251838,-471532917,866038511,-1036943128,-1946491677,-273506765
12.08,ROLL (右傾),-408115209,-447951193,874239917,-140006169,-1479652123,-1378411724
12.13,ROLL (右傾),-426028336,-416171059,883801102,-799892506,-843370009,247246132
12.18,ROLL (右傾),-443915380,-384685830,892076452,-1939633435,-98037015,-1543427019
12.23,ROLL (右傾),-459186526,-355116546,899690340,-1570856476,-27666966,1680842805
12.28,ROLL (右傾),-466219318,-335459573,905057434,-905038108,189465068,-1709903307
12.33,ROLL (右傾),-468997497,-324906601,908010775,-2018898972,-1756257556,388308790
12.38,ROLL (右傾),-472987991,-321542855,907116873,-1446588701,967169516,1233195318
12.43,ROLL (右傾),-477442592,-320885514,904792834,-523400477,-156442644,34336309
12.48,ROLL (右傾),-484567302,-314638263,903041180,-99213597,1224753133,-1672424651
12.53,ROLL (右傾),-493127955,-299541549,903775651,-310993950,-749001234,-1551507915
12.58,ROLL (右傾),-502739068,-279565013,905134255,-2066806558,724391663,-1354697931
12.63,ROLL (右傾),-510555634,-249739773,909647845,243962337,54926833,-450938826
12.68,ROLL (右傾),-523163782,-223081528,909707256,2049429984,-938756878,-133744330
12.73,ROLL (右傾),-535220450,-193949552,909749835,506403296,-1869582092,1269709110
12.78,ROLL (右傾),-541835204,-165570356,911431828,1010873567,-862445066,-1806150858
12.83,ROLL (右傾),-544344223,-142183692,913968378,1643613663,-193820937,-99845578
12.88,ROLL (右傾),-546800227,-129136924,914564470,-1652725537,-460960264,1982169910
12.93,ROLL (右傾),-550539706,-120242431,913571619,1181626335,20960760,603943734
12.98,ROLL (右傾),-555489639,-115121307,911271210,-1712921634,1700996089,719671350
13.03,ROLL (右傾),-559721715,-110487000,909290442,223585246,672819961,-894750154
13.09,ROLL (右傾),-564747991,-101535330,907264709,698439390,-1632505095,-977136842
13.14,ROLL (右傾),-570516587,-88755781,905097281,-1784938787,-1145981446,1102115381
13.19,ROLL (右傾),-575349247,-74740527,903399391,31372509,-779318277,-540551115
13.24,ROLL (右傾),-580056619,-61322487,901479090,-720802339,155932924,-1300579531
13.29,ROLL (右傾),-585082912,-48772714,899010958,-531160867,-1765206019,-1898867403
13.34,ROLL (右傾),-591248309,-34870068,895608200,1262797532,-856888323,-1998233291
13.39,ROLL (右傾),-596570157,-23995614,892397994,-753962532,584815102,-1427558347
13.44,ROLL (右傾),-602795605,-11021209,888398517,-1424944420,1741969407,-1243417804
13.49,ROLL (右傾),-606265455,1865227,886065367,-1860182565,192289792,-683093964
13.54,ROLL (右傾),-608265475,18821326,884561919,-40190245,-835707135,-11028172
13.59,ROLL (右傾),-610743992,27756747,882631143,1221171419,-880236799,-404645068
13.64,ROLL (右傾),-615383865,31632609,879266629,-939765285,-508763647,1166764084
13.69,ROLL (右傾),-619351388,37829502,876240776,-1536027173,2117812482,-2007025100
13.74,ROLL (右傾),-623681723,47671959,872613414,1163908058,-1754605822,637928244
13.79,ROLL (右傾),-627163957,61153949,869097680,-885219622,-1658673917,-798962381
13.84,ROLL (右傾),-630973957,76671943,864742999,-82221862,-940863228,1475250739
13.89,ROLL (右傾),-634520151,86630733,860465730,-1443025446,1306601733,1118456115
13.94,ROLL (右傾),-638297491,94743928,855729471,1834677465,2024645893,1063584051
13.99,ROLL (右傾),-641987784,103383754,850989748,940293337,-897439482,-1273841358
14.05,ROLL (右傾),-643554376,113374237,847269510,-1205623591,502579462,-2041675726
14.10,ROLL (右傾),-644334239,128323554,843487534,1631426777,-502290937,781796914
14.15,ROLL (右傾),-645308386,142937999,839777392,509643225,-1894808312,1895566642
14.20,ROLL (右傾),-646787851,152355637,836225736,-171150631,901977097,-926230735
14.25,ROLL (右傾),-649606344,150438703,834237457,952846297,797177608,292862257
14.30,ROLL (右傾),-651971972,137293086,835367254,2092049369,518860296,1454492209
14.35,ROLL (右傾),-653771405,118871449,837780432,1933379801,-1714088697,-796659919
14.40,ROLL (右傾),-655022818,99675920,840272932,505804248,284160005,613160242
14.45,ROLL (右傾),-655959449,77203398,843230826,1742399192,-972580348,1789805106
14.50,ROLL (右傾),-654624768,51190672,847606588,3734488,-1877275389,1014203698
14.55,ROLL (右傾),-650227611,22533258,853357716,1699757785,-1965795583,-1808474830
14.60,ROLL (右傾),-643407863,-13836105,859397157,157329113,-1210045185,626800947
14.65,ROLL (右傾),-634255557,-51141378,864873118,990327514,-22744068,-1628795853
14.70,ROLL (右傾),-622729542,-90538018,869703396,-1159274022,-562062598,-459352525
14.75,ROLL (右傾),-610730655,-124357396,873453249,1644009691,-327903496,-1042936012
14.80,ROLL (右傾),-598059619,-157308633,876011439,-1655350564,665427958,-1344326092
14.85,ROLL (右傾),-588522466,-179807825,876871464,517794780,-1353103115,687817524
14.91,ROLL (右傾),-578701629,-201496860,877160740,-1011449379,-463012365,610879540
14.96,ROLL (右傾),-569192127,-222992445,876620292,1104220894,-1016613390,69877812
15.01,YAW (右回),-555500579,-250831066,875046511,-574888994,647957745,1864771636
15.06,YAW (右回),-536841129,-283622012,872912359,1467220192,-2075846417,-409663692
15.11,YAW (右回),-511395978,-329593430,866645393,1991738593,-1429382420,-1846171853
15.16,YAW (右回),-481499843,-375033012,859748521,1038437603,1282647529,-1447543245
15.21,YAW (右回),-449909825,-416658974,851410661,-1075106075,-498521369,-444678350
15.26,YAW (右回),-427684536,-445611329,843406510,1208845030,-1081970459,-1369684686
15.31,YAW (右回),-412244520,-468673314,834269675,-660247065,-560197404,-336479951
15.36,YAW (右回),-400950716,-486855181,827155041,1157241320,-215090206,1633832241
15.41,YAW (右回),-390154995,-503589521,819979934,230014696,1876294625,-1629036752
15.46,YAW (右回),-380650621,-519966679,810879745,-2084876311,703594977,17519920
15.51,YAW (右回),-371226917,-537503598,798952949,-611917847,-1839663393,-183656657
15.56,YAW (右回),-363790823,-552577827,786598123,436097258,-581693217,-343350738
15.61,YAW (右回),-355554186,-562795312,775395189,1991036650,-798198562,1972844334
15.66,YAW (右回),-346327062,-569394574,770020390,-361276437,1924796382,647292205
15.72,YAW (右回),-342961298,-574091674,764892871,1859358443,1712244957,-950626515
15.77,YAW (右回),-350647998,-579382071,754802897,1116281323,-917211171,-782172884
15.82,YAW (右回),-362118684,-595929229,736432490,-461280534,1943501532,1779557675
15.87,YAW (右回),-384313393,-617348380,713114367,-807987223,-469617445,-12418774
15.92,YAW (右回),-407768569,-639869965,689293158,133345767,-212083495,1724323113
15.97,YAW (右回),-424079030,-662747173,669232929,1242675686,-616071208,565175079
16.02,YAW (右回),-436793403,-678065847,655418844,-988809243,1233753559,-588967897
16.07,YAW (右回),-455339430,-686072625,642216435,1511185636,-816047145,-210680026
16.12,YAW (右回),-477304734,-693579257,625136228,1659407587,131246294,1691501093
16.17,YAW (右回),-492984883,-701902844,608246309,-844784158,80751062,622477604
16.22,YAW (右回),-504180278,-714550612,587814937,-892210463,-1395496747,425199907
16.27,YAW (右回),-512444256,-726027386,568551308,-1598524191,-2035041836,-1939348703
16.32,YAW (右回),-517444661,-741210140,547311747,-882169631,-469249325,-2091868384
16.37,YAW (右回),-516590129,-757478670,529492376,-814402079,-221586990,-1737912545
16.42,YAW (右回),-517103202,-768965257,511775403,-1633604127,2005215954,-1424850658
16.47,YAW (右回),-514983076,-782993675,493012693,1559973345,-176794415,-708419043
16.52,YAW (右回),-510571567,-799669913,472697069,-783576607,1728141008,-305648612
16.58,YAW (右回),-515441148,-812211774,448741757,83773153,-1029597489,2101460762
16.63,YAW (右回),-521727022,-824897337,422738539,-770447392,-955198002,1803170329
16.68,YAW (右回),-528838749,-834595655,401255657,-1550877984,-1189854770,-374543849
16.73,YAW (右回),-540896838,-838846194,381397347,-1164852513,238616782,1672067862
16.78,YAW (右回),-552559447,-844207199,357628417,-1449389857,-1586778419,33181717
16.83,YAW (右回),-565119860,-848060002,331420330,-1930145570,-1633586227,-1441611501
16.88,YAW (右回),-577080219,-852758588,300519188,1702140637,-990958643,344975633
16.93,YAW (右回),-588375705,-855078994,273292471,1729752796,-1366882099,-1222882800
16.98,YAW (右回),-598773845,-856043916,248091625,-1418768420,1959721420,-376190706
17.03,YAW (右回),-604427374,-858445238,224488021,-1842611749,1244321228,1433035021
17.08,YAW (右回),-614022741,-856867407,200738505,-1413388581,-1321341492,-922290421
17.13,YAW (右回),-619398524,-857364909,174871176,-2068179749,1403446732,-2007864310
17.18,YAW (右回),-623794485,-856868125,154091063,-878259750,-482677300,926822153
17.23,YAW (右回),-627490184,-856094392,133466666,2017630682,1208613324,713749511
17.28,YAW (右回),-629188306,-855817254,116163324,777617370,-633078324,-58528762
17.33,YAW (右回),-629479950,-856180612,100154132,-219841830,2092496844,339474437
17.38,YAW (右回),-627158400,-857753827,83771684,-2142069030,498589644,608304644
17.44,YAW (右回),-623611663,-859209187,66729408,-244263718,495110604,-1070204413
17.49,YAW (右回),-621421986,-858904570,48295371,1591408090,103337676,-873603070
17.54,YAW (右回),-619923865,-857173214,29379646,1739984091,580118732,1045217281
17.59,YAW (右回),-620295678,-854763094,15622771,34211803,-1437004339,1935863296
17.64,YAW (右回),-618274525,-854781613,8502823,601957851,1393626573,666796288
17.69,YAW (右回),-615185169,-856885634,7359323,-284928549,2130111692,1531670528
17.74,YAW (右回),-611631259,-859434717,5891072,1698663387,588367564,14964992
17.79,YAW (右回),-608423452,-860036112,-2503794,-466502437,-253510452,-1899243009
17.84,YAW (右回),-605188417,-858916479,-18447333,-1081152037,-2114335284,461694718
17.89,YAW (右回),-607890182,-853183728,-34128896,-95107877,275981773,3995645
17.94,YAW (右回),-607853574,-849042089,-47296017,-85736229,1470457037,-279892227
17.99,YAW (右回),-603778534,-847751982,-54929784,437388252,-766215987,-1999193604
18.04,YAW (右回),-603581161,-842199733,-69319159,387253980,1259195853,155639547
18.09,YAW (右回),-611809454,-827291140,-95490403,1384614107,-58085170,-1645326598
18.14,YAW (右回),-618661541,-814267762,-117959544,1543053275,-1908246577,-2011891464
18.19,YAW (右回),-624259538,-801908945,-139852929,781109978,802632656,2130946807
18.24,YAW (右回),-624957127,-792877525,-158652535,971620314,732347856,-1993896970
18.29,YAW (右回),-620147014,-787482188,-176864457,-1169290789,-1258745903,927167989
18.35,YAW (右回),-616308821,-780163331,-195379816,-1411431461,-39419951,-1732420876
18.40,YAW (右回),-604595952,-775743474,-215605401,278525659,236504017,1730094835
18.45,YAW (右回),-604748353,-765531818,-231348252,-1085934373,1458134738,-454609422
18.50,YAW (右回),-607953349,-758967138,-239220176,996066267,-1642806318,818593265
18.55,YAW (右回),-603679961,-768355581,-233585873,663946460,64173010,801313778
18.60,YAW (右回),-603298539,-781367509,-214689077,358943452,726101457,-887474957
18.65,YAW (右回),-608406167,-792105128,-190172119,1769323739,1483721168,691317492
18.70,YAW (右回),-607832115,-809778980,-165517509,-851982885,-591348785,996614902
18.75,YAW (右回),-608571925,-824395538,-143439252,-336741925,-289874738,1816818679
18.80,YAW (右回),-605360373,-840834490,-120958323,200272603,1189274061,-1923953928
18.85,YAW (右回),-598809267,-857990025,-94190375,1306873564,1998380236,-641441030
18.90,YAW (右回),-592293210,-871213891,-68716309,-1504529700,-1118563636,-344397829
18.95,YAW (右回),-589860590,-878907856,-42517636,309450716,820944075,2084272125
19.00,YAW (右回),-586713717,-883395770,-20709721,-1955264547,1181964491,-1476475906
19.05,YAW (右回),-586771225,-883291137,7370838,-409729315,-16033077,1450733568
19.10,YAW (右回),-591224956,-880274252,45690374,-2069904676,-1273722677,103725314
19.15,YAW (右回),-594366483,-878183712,82896774,-307260708,-520443957,-2031620092
19.20,YAW (右回),-594571575,-876946222,118896182,-913403940,-757286197,909514247
19.25,YAW (右回),-609225757,-865286239,155022091,-470568997,-1580766004,192101641
19.31,YAW (右回),-620571574,-854282581,185348988,1255408347,-1414654771,2083720203
19.36,YAW (右回),-611739119,-856249228,211196302,295340507,1957492428,-1902537204
19.41,YAW (右回),-596161825,-860391623,239244571,-548767780,964147148,462766606
19.46,YAW (右回),-584715396,-858655155,269634308,2096309725,1308021196,72028688
19.51,YAW (右回),-571876502,-855716824,299510952,1792797149,684523212,-1473455599
19.56,YAW (右回),-552487181,-854600084,329989192,-206171681,1825968077,1211935507
19.61,YAW (右回),-538625096,-849904873,356310515,-1204034081,393959373,-203604971
19.66,YAW (右回),-520748055,-845437251,383822613,-385616160,-1113154611,363585558
19.71,YAW (右回),-501032556,-841668107,409546262,-1797709086,-181807667,372140312
19.76,YAW (右回),-491325250,-831192190,432346637,-1090996510,-2113702450,219596057
19.81,YAW (右回),-480353782,-823630694,451027462,174218979,-1704662834,102949402
19.86,YAW (右回),-466702158,-816589466,473414852,-1297076508,1725256655,-994298084
19.91,YAW (右回),-455958351,-808323999,494651245,-1314860316,1643434447,1841789725
19.96,YAW (右回),-439585296,-799328998,518468930,-260715291,439704528,1110828830
