Time,Action,Val0,Val1,Val2,Val3
0.00,STAY (ê√é~),456335267,431884376,-627923831,-603214042
0.05,STAY (ê√é~),456205513,431814865,-627989394,-603293694
0.10,STAY (ê√é~),456076813,431756875,-628054745,-603364475
0.15,STAY (ê√é~),455948926,431703204,-628116933,-603434794
0.20,STAY (ê√é~),455829442,431643232,-628169596,-603513139
0.25,STAY (ê√é~),455713184,431597909,-628212024,-603589180
0.30,STAY (ê√é~),455191861,431183449,-627993308,-604505679
0.35,STAY (ê√é~),455674423,431141435,-625912740,-606327168
0.40,STAY (ê√é~),456670540,432164298,-623466016,-607369470
0.45,STAY (ê√é~),457000477,432832342,-622111059,-608034594
0.51,STAY (ê√é~),457853767,432754555,-620605463,-608985872
0.56,STAY (ê√é~),459441432,432233784,-619512849,-609272405
0.61,STAY (ê√é~),460762725,432085798,-619415887,-608477643
0.66,STAY (ê√é~),460845559,432251815,-620433109,-607259424
0.71,STAY (ê√é~),460124986,432437711,-621711351,-606365508
0.76,STAY (ê√é~),459800445,432359411,-622573224,-605782947
0.81,STAY (ê√é~),459505451,432615761,-623392497,-604980698
0.86,STAY (ê√é~),459181471,433117455,-624040595,-604199050
0.91,STAY (ê√é~),458451600,434013741,-624538406,-603595469
0.96,STAY (ê√é~),456697991,435048804,-625314014,-603376646
1.01,STAY (ê√é~),454889132,436520075,-626629155,-602315129
1.06,STAY (ê√é~),454573849,437241306,-627147171,-601490310
1.11,STAY (ê√é~),454635435,437303760,-627093645,-601454165
1.16,STAY (ê√é~),454665857,436984643,-626352812,-602434265
1.21,STAY (ê√é~),454289177,436975489,-625481528,-603629132
1.26,STAY (ê√é~),453617582,437664790,-625095263,-604034803
1.31,STAY (ê√é~),453603135,438458545,-624697011,-603881988
1.36,STAY (ê√é~),454068088,439263967,-624571209,-603076820
1.42,STAY (ê√é~),454974725,439824760,-624415884,-602144910
1.47,STAY (ê√é~),456618970,440028622,-624046985,-601132930
1.52,STAY (ê√é~),457921558,440506479,-624292406,-599535144
1.57,STAY (ê√é~),457861714,440808812,-625208237,-598403220
1.62,STAY (ê√é~),456934158,440359911,-626257163,-598345886
1.67,STAY (ê√é~),456312729,439509725,-626807960,-598868254
1.72,STAY (ê√é~),456097269,439074407,-626885092,-599270838
1.77,STAY (ê√é~),456448852,439101579,-626460866,-599426844
1.82,STAY (ê√é~),456858670,439441038,-625781820,-599575146
1.87,STAY (ê√é~),457588126,439450702,-625048755,-599776413
1.92,STAY (ê√é~),458550568,439473787,-624898834,-599180377
1.97,STAY (ê√é~),458866771,439311417,-625479106,-598451471
2.02,STAY (ê√é~),458590065,438800499,-626461070,-598011128
2.07,STAY (ê√é~),458591801,438060576,-627154940,-597824960
2.12,STAY (ê√é~),458691632,437570348,-627702510,-597532632
2.17,STAY (ê√é~),458579061,437391891,-627953318,-597486164
2.22,STAY (ê√é~),458411293,437696848,-627852875,-597497140
2.27,STAY (ê√é~),458433980,437283730,-628261292,-597352896
2.32,STAY (ê√é~),457572505,435420158,-629563583,-598003254
2.37,STAY (ê√é~),456343023,433867452,-631446581,-598085951
2.42,STAY (ê√é~),455406594,434051768,-632662377,-597380718
2.47,STAY (ê√é~),454620993,434937430,-633697716,-596236444
2.52,STAY (ê√é~),453978403,435761396,-634246718,-595540279
2.58,STAY (ê√é~),453412327,436385026,-634640292,-595095437
2.63,STAY (ê√é~),452954093,436582969,-634985325,-594931127
2.68,STAY (ê√é~),452543734,436492239,-635090658,-595197497
2.73,STAY (ê√é~),452397813,436463549,-634773658,-595667441
2.78,STAY (ê√é~),452581233,436596464,-634498202,-595724177
2.83,STAY (ê√é~),452780106,437077854,-634102828,-595641032
2.88,STAY (ê√é~),452941955,437732417,-633338091,-595850894
2.93,STAY (ê√é~),452993367,438308082,-632726051,-596038836
2.98,STAY (ê√é~),453123142,438565330,-632686443,-595792953
3.03,STAY (ê√é~),452881321,439148980,-632926481,-595291746
3.08,STAY (ê√é~),452555528,439695886,-633160561,-594886740
3.13,STAY (ê√é~),452280741,439990766,-632815683,-595244554
3.18,STAY (ê√é~),451576006,440053200,-632279721,-596302067
3.23,STAY (ê√é~),450429448,440047417,-632308435,-597142477
3.28,STAY (ê√é~),448887838,440660999,-632787733,-597343108
3.33,STAY (ê√é~),447843480,441958045,-633227091,-596702829
3.38,STAY (ê√é~),447887492,443385770,-633146682,-595695092
3.43,STAY (ê√é~),448077002,444673456,-632925648,-594826992
3.48,STAY (ê√é~),447911971,445442663,-632921719,-594379768
3.54,STAY (ê√é~),447586324,446048417,-633189651,-593885229
3.59,STAY (ê√é~),447616754,446635420,-633417281,-593177967
3.64,STAY (ê√é~),447892875,447193050,-633582340,-592372583
3.69,STAY (ê√é~),448250850,447429915,-633483723,-592028317
3.74,STAY (ê√é~),448375935,447435927,-633687162,-591711249
3.79,STAY (ê√é~),448268236,447656846,-633845251,-591456378
3.84,STAY (ê√é~),448340508,447569773,-634023028,-591276921
3.89,STAY (ê√é~),448305476,447366644,-634066896,-591410150
3.94,STAY (ê√é~),448099598,447225299,-633942397,-591806411
3.99,STAY (ê√é~),448300192,446846034,-633892875,-591993998
4.04,STAY (ê√é~),449160521,446917567,-633236690,-591990132
4.09,STAY (ê√é~),450376427,447176353,-632639976,-591508708
4.14,STAY (ê√é~),451089010,447534191,-632548065,-590792948
4.19,STAY (ê√é~),450924319,447757630,-633342095,-589898009
4.24,STAY (ê√é~),450196872,447610506,-634726509,-589076718
4.29,STAY (ê√é~),449934373,447418842,-635642237,-588435125
4.34,STAY (ê√é~),450944211,447693640,-634796523,-588366049
4.39,STAY (ê√é~),450712138,448895996,-634381424,-588075395
4.44,STAY (ê√é~),449750964,449846528,-634645787,-587799631
4.50,STAY (ê√é~),449616314,450326767,-634481303,-587712477
4.55,STAY (ê√é~),450994339,450821346,-633212948,-587645380
4.60,STAY (ê√é~),452386699,451553355,-632071693,-587241624
4.65,STAY (ê√é~),452828343,451486492,-632172632,-586843859
4.70,STAY (ê√é~),452572883,450392302,-632795797,-587209971
4.75,STAY (ê√é~),452194585,449033830,-633280481,-588018724
4.80,STAY (ê√é~),452057214,448456321,-633548032,-588276812
4.85,STAY (ê√é~),452134041,448562442,-633502259,-588186144
4.90,STAY (ê√é~),452426629,448687373,-633204366,-588186644
4.95,STAY (ê√é~),452672435,448701637,-632829463,-588390084
5.00,PITCH (è„â∫),452415293,448852309,-632908142,-588388307
5.05,PITCH (è„â∫),451960951,449018681,-633337912,-588148043
5.10,PITCH (è„â∫),451627166,449147025,-633847604,-587757243
5.15,PITCH (è„â∫),451516051,449228083,-634086819,-587522596
5.20,PITCH (è„â∫),451676871,449114295,-633930005,-587655183
5.25,PITCH (è„â∫),452115373,448520656,-633814017,-587896430
5.30,PITCH (è„â∫),452163881,448424622,-633756394,-587994495
5.35,PITCH (è„â∫),452074703,448520880,-633939703,-587792009
5.40,PITCH (è„â∫),451971480,448511024,-634223662,-587572548
5.46,PITCH (è„â∫),451637401,448457387,-634790112,-587258593
5.51,PITCH (è„â∫),451143473,448542057,-635556200,-586744760
5.56,PITCH (è„â∫),450747836,448921679,-635589407,-586722532
5.61,PITCH (è„â∫),452346054,447829352,-632269690,-589905473
5.66,PITCH (è„â∫),455799772,444448520,-624946325,-597558097
5.71,PITCH (è„â∫),460849373,437781523,-616177686,-607627979
5.76,PITCH (è„â∫),467470720,426352923,-606041406,-620749254
5.81,PITCH (è„â∫),473612183,414213187,-596038750,-633859805
5.86,PITCH (è„â∫),480104847,401028001,-584647570,-647907869
5.91,PITCH (è„â∫),485900948,389520502,-573866926,-660130523
5.96,PITCH (è„â∫),490889340,379602755,-563566035,-671002412
6.01,PITCH (è„â∫),494951802,372446091,-556554464,-677846047
6.06,PITCH (è„â∫),498920940,366134418,-549736762,-683911168
6.11,PITCH (è„â∫),502408598,360427786,-541744836,-690732550
6.16,PITCH (è„â∫),504542651,356081950,-535329324,-696409640
6.21,PITCH (è„â∫),506516565,351195017,-530159050,-701395696
6.26,PITCH (è„â∫),508715595,345986460,-524914533,-706320079
6.31,PITCH (è„â∫),510867574,341008745,-518710097,-711750450
6.36,PITCH (è„â∫),512821046,336788291,-513199112,-716335399
6.42,PITCH (è„â∫),514911776,332079641,-507306026,-721215003
6.47,PITCH (è„â∫),516828942,326975860,-501669050,-726102131
6.52,PITCH (è„â∫),518237893,322264459,-496351246,-730843387
6.57,PITCH (è„â∫),520180431,316497188,-489916396,-736305157
6.62,PITCH (è„â∫),521957957,311112224,-483966026,-741260730
6.67,PITCH (è„â∫),524265573,305087705,-477615255,-746238756
6.72,PITCH (è„â∫),526650127,299498329,-471471332,-750717450
6.77,PITCH (è„â∫),529315040,293441884,-465080210,-755208153
6.82,PITCH (è„â∫),531525416,287573263,-458486183,-759930444
6.87,PITCH (è„â∫),533770750,282125848,-452277967,-764107287
6.92,PITCH (è„â∫),536025706,276957599,-446157504,-768007763
6.97,PITCH (è„â∫),537737917,273105281,-440956250,-771187742
7.02,PITCH (è„â∫),539933965,268899526,-435325644,-774323868
7.07,PITCH (è„â∫),541985193,265056773,-430242966,-777051773
7.12,PITCH (è„â∫),543981089,260944483,-424358233,-780278252
7.17,PITCH (è„â∫),545684656,256864783,-418431375,-783636035
7.22,PITCH (è„â∫),547359139,252480199,-412860787,-786841282
7.27,PITCH (è„â∫),550159266,247007513,-407282484,-789528059
7.32,PITCH (è„â∫),553358095,241421976,-401138707,-792161282
7.37,PITCH (è„â∫),556537352,236327666,-393750939,-795171125
7.43,PITCH (è„â∫),559635179,231607929,-386462884,-797956253
7.48,PITCH (è„â∫),563269751,226034407,-379917007,-800137619
7.53,PITCH (è„â∫),567372996,219443673,-372863203,-802388248
7.58,PITCH (è„â∫),570942132,213755766,-366200455,-804457763
7.63,PITCH (è„â∫),574469244,208212739,-359265616,-806524810
7.68,PITCH (è„â∫),577311727,203713880,-354068020,-807941318
7.73,PITCH (è„â∫),580875276,197644181,-347704319,-809656661
7.78,PITCH (è„â∫),584278092,191410069,-340230166,-811878219
7.83,PITCH (è„â∫),587852008,185214126,-331929384,-814168371
7.88,PITCH (è„â∫),591404558,179877206,-324775524,-815675920
7.93,PITCH (è„â∫),595472262,173991492,-315443309,-817653211
7.98,PITCH (è„â∫),599068915,168569632,-306862049,-819425350
8.03,PITCH (è„â∫),602046282,163854880,-299870068,-820787004
8.08,PITCH (è„â∫),604706127,158936623,-292105957,-822596663
8.13,PITCH (è„â∫),606977976,154886117,-284930102,-824211365
8.18,PITCH (è„â∫),609555518,151003542,-278313403,-825289744
8.23,PITCH (è„â∫),611707094,147508954,-273687959,-825876474
8.28,PITCH (è„â∫),613537140,142408341,-268051184,-827261817
8.33,PITCH (è„â∫),615209811,136400816,-262295697,-828875250
8.39,PITCH (è„â∫),616875983,130823932,-256733400,-830276214
8.44,PITCH (è„â∫),618883641,125525731,-250473568,-831511171
8.49,PITCH (è„â∫),620810034,121590007,-244331566,-832486856
8.54,PITCH (è„â∫),623220044,118289273,-237484437,-833142890
8.59,PITCH (è„â∫),625324237,115313416,-231790992,-833586743
8.64,PITCH (è„â∫),627249951,111728202,-226202249,-834163270
8.69,PITCH (è„â∫),628449088,109418689,-222618814,-834530806
8.74,PITCH (è„â∫),629118889,108637679,-220389752,-834719802
8.79,PITCH (è„â∫),629587951,108974144,-219570693,-834538116
8.84,PITCH (è„â∫),629448471,110146890,-220602983,-834217069
8.89,PITCH (è„â∫),629533496,111614438,-221471188,-833727663
8.94,PITCH (è„â∫),629558849,113215270,-221708635,-833429511
8.99,PITCH (è„â∫),630099530,115072017,-222228057,-832627895
9.04,PITCH (è„â∫),630217272,117942152,-224061193,-831645316
9.09,PITCH (è„â∫),629832375,122723597,-228218644,-830113159
9.14,PITCH (è„â∫),628788655,129202289,-234326131,-828217586
9.19,PITCH (è„â∫),627542191,135127132,-240700712,-826387398
9.24,PITCH (è„â∫),625816157,142456418,-249957163,-823713075
9.30,PITCH (è„â∫),623687054,152801777,-262224044,-819650008
9.35,PITCH (è„â∫),621601381,166082071,-276026049,-814100483
9.40,PITCH (è„â∫),619643645,180103042,-289347527,-807962975
9.45,PITCH (è„â∫),617387550,196678677,-304808601,-800102080
9.50,PITCH (è„â∫),615058507,210023897,-317850532,-793401251
9.55,PITCH (è„â∫),612347719,222344808,-330759885,-786837000
9.60,PITCH (è„â∫),609631542,234913318,-344541914,-779344272
9.65,PITCH (è„â∫),606810535,247185392,-358252566,-771528979
9.70,PITCH (è„â∫),603811570,259646404,-372626580,-762932679
9.75,PITCH (è„â∫),600155027,271985388,-386003898,-754824744
9.80,PITCH (è„â∫),595955187,284930083,-399984568,-746046993
9.85,PITCH (è„â∫),591337779,297873282,-413810188,-737071080
9.90,PITCH (è„â∫),585681488,313080290,-429727003,-726095132
9.95,PITCH (è„â∫),579840531,327663455,-444690157,-715257849
10.00,PITCH (è„â∫),573003946,343485139,-460256212,-703399009
10.05,PITCH (è„â∫),566723379,356899652,-473280305,-693090552
10.10,PITCH (è„â∫),559445119,370974730,-486416862,-682436116
10.15,PITCH (è„â∫),553110838,382108772,-497653579,-673293184
10.20,PITCH (è„â∫),545819099,393752225,-509633395,-663502833
10.26,PITCH (è„â∫),537872803,405936207,-521646422,-653234386
10.31,PITCH (è„â∫),529700029,417868759,-534037327,-642284377
10.36,PITCH (è„â∫),521627732,428899197,-544757371,-632543202
10.41,PITCH (è„â∫),513201059,439750349,-554366002,-623573691
10.46,PITCH (è„â∫),506538213,447598115,-561603632,-616926117
10.51,PITCH (è„â∫),499079035,456319494,-569526112,-609306288
10.56,PITCH (è„â∫),491567270,465596025,-577661610,-600675066
10.61,PITCH (è„â∫),484039100,475406353,-586456328,-590495920
10.66,PITCH (è„â∫),478331321,483363905,-594085629,-580983871
10.71,PITCH (è„â∫),472792025,491395937,-601986645,-570553522
10.76,PITCH (è„â∫),466143588,500974233,-611559380,-557361290
10.81,PITCH (è„â∫),459169504,511286614,-620623156,-543597068
10.86,PITCH (è„â∫),450785972,524427691,-629551146,-527593090
10.91,PITCH (è„â∫),446278434,534242313,-636093732,-513543555
10.96,PITCH (è„â∫),443048791,543144721,-640751924,-501058942
11.01,PITCH (è„â∫),439074094,550795262,-644838223,-490860156
11.06,PITCH (è„â∫),432203184,560254595,-650055171,-479233746
11.11,PITCH (è„â∫),425899759,568506842,-654895591,-468447050
11.16,PITCH (è„â∫),419889768,576908768,-659464231,-457052833
11.21,PITCH (è„â∫),415062632,583965694,-663022092,-447247463
11.26,PITCH (è„â∫),409154483,591568725,-668271735,-434710769
11.31,PITCH (è„â∫),401532388,599235752,-674583203,-421363584
11.37,PITCH (è„â∫),391547802,608736698,-682059944,-404778574
11.42,PITCH (è„â∫),383712960,616964174,-687641215,-390116190
11.47,PITCH (è„â∫),376732525,624986589,-691978731,-376233059
11.52,PITCH (è„â∫),372339216,630287278,-694339533,-367308561
11.57,PITCH (è„â∫),366115181,635686020,-697379774,-358393525
11.62,PITCH (è„â∫),359593943,640111522,-700397207,-351161921
11.67,PITCH (è„â∫),353300706,643682838,-703240448,-345290310
11.72,PITCH (è„â∫),348233226,646158113,-705762050,-340638739
11.77,PITCH (è„â∫),342423964,648664516,-708991840,-335010829
11.82,PITCH (è„â∫),338266467,650407527,-711460902,-330591497
11.87,PITCH (è„â∫),333754733,652186580,-714105836,-325936817
11.92,PITCH (è„â∫),328962856,653752084,-716814513,-321698799
11.97,PITCH (è„â∫),323892752,655333067,-719507148,-317589402
12.02,YAW (ç∂âEâÒì]),317319192,657409160,-722980515,-311997452
12.07,YAW (ç∂âEâÒì]),308906757,659602210,-727989592,-304062823
12.12,YAW (ç∂âEâÒì]),300456256,661541748,-733273836,-295498804
12.17,YAW (ç∂âEâÒì]),295080168,662432035,-737163373,-289176698
12.22,YAW (ç∂âEâÒì]),290579498,663728607,-739924364,-283657070
12.27,YAW (ç∂âEâÒì]),286215021,665484492,-742259386,-277819841
12.33,YAW (ç∂âEâÒì]),281483626,667835983,-744391209,-271229251
12.38,YAW (ç∂âEâÒì]),277450399,670325463,-745831144,-265221536
12.43,YAW (ç∂âEâÒì]),273580134,672405442,-747293246,-259805972
12.48,YAW (ç∂âEâÒì]),270039918,673815619,-749046832,-254757343
12.53,YAW (ç∂âEâÒì]),266871223,674751319,-750673381,-250801503
12.58,YAW (ç∂âEâÒì]),263122696,675825022,-752200322,-247271448
12.63,YAW (ç∂âEâÒì]),259334685,676826692,-753429158,-244779828
12.68,YAW (ç∂âEâÒì]),256343930,677479721,-754402169,-243121140
12.73,YAW (ç∂âEâÒì]),253017458,678262703,-755525048,-240925882
12.78,YAW (ç∂âEâÒì]),250689305,678300877,-756674627,-239641008
12.83,YAW (ç∂âEâÒì]),250606611,677656485,-757025918,-240439772
12.88,YAW (ç∂âEâÒì]),251145809,676666765,-757158041,-242241784
12.93,YAW (ç∂âEâÒì]),250838748,676019773,-757392956,-243628008
12.98,YAW (ç∂âEâÒì]),250656617,675445319,-757511306,-245036755
13.03,YAW (ç∂âEâÒì]),251617937,674746303,-757245787,-246791749
13.08,YAW (ç∂âEâÒì]),253964015,673605870,-756440035,-249954777
13.13,YAW (ç∂âEâÒì]),257533824,671698017,-755167786,-255227791
13.19,YAW (ç∂âEâÒì]),262573762,668852023,-753040789,-263710204
13.24,YAW (ç∂âEâÒì]),268758428,665062386,-750321012,-274592093
13.29,YAW (ç∂âEâÒì]),277705938,659139950,-746584752,-289735488
13.34,YAW (ç∂âEâÒì]),290489321,649023147,-742029787,-310963360
13.39,YAW (ç∂âEâÒì]),303630538,636550947,-737118776,-334945972
13.44,YAW (ç∂âEâÒì]),315796859,624238609,-731703769,-357951959
13.49,YAW (ç∂âEâÒì]),327753297,613962656,-726188891,-375764337
13.54,YAW (ç∂âEâÒì]),342213176,601825056,-720380291,-393281694
13.59,YAW (ç∂âEâÒì]),351695488,591896794,-717546609,-404989928
13.64,YAW (ç∂âEâÒì]),358375020,583763136,-714952313,-415394565
13.69,YAW (ç∂âEâÒì]),361343724,578745565,-713814152,-421752471
13.74,YAW (ç∂âEâÒì]),364227946,574984671,-711869745,-427660622
13.79,YAW (ç∂âEâÒì]),366488403,573585827,-709609148,-431348951
13.84,YAW (ç∂âEâÒì]),370292834,574092751,-705697555,-433835451
13.89,YAW (ç∂âEâÒì]),375010998,575296244,-701627520,-434788817
13.94,YAW (ç∂âEâÒì]),379649769,573427762,-699259422,-437040527
14.00,YAW (ç∂âEâÒì]),381164829,566478204,-700217875,-443206786
14.05,YAW (ç∂âEâÒì]),378531220,555263186,-703574732,-454203716
14.10,YAW (ç∂âEâÒì]),373218861,542558945,-708512623,-466121062
14.15,YAW (ç∂âEâÒì]),366682059,528057780,-714346292,-478884257
14.20,YAW (ç∂âEâÒì]),362040664,514930490,-718314021,-490631864
14.25,YAW (ç∂âEâÒì]),358771795,503273587,-720961511,-501133221
14.30,YAW (ç∂âEâÒì]),355949142,492549389,-722952727,-510838696
14.35,YAW (ç∂âEâÒì]),352982126,483335868,-725034129,-518687844
14.40,YAW (ç∂âEâÒì]),348467894,473642682,-728101433,-526329317
14.45,YAW (ç∂âEâÒì]),343436836,464249990,-731421049,-533355268
14.50,YAW (ç∂âEâÒì]),336878269,454380307,-735902063,-539834447
14.55,YAW (ç∂âEâÒì]),330576465,445342156,-739932470,-545720637
14.60,YAW (ç∂âEâÒì]),324478173,435877281,-743205994,-552531695
14.65,YAW (ç∂âEâÒì]),320396692,427814284,-744264396,-559743617
14.70,YAW (ç∂âEâÒì]),316870096,419997444,-744374146,-567471700
14.75,YAW (ç∂âEâÒì]),313970221,413521454,-744482143,-573664148
14.80,YAW (ç∂âEâÒì]),311144617,407116518,-745130484,-578919025
14.85,YAW (ç∂âEâÒì]),309253250,401914787,-746074478,-582341235
14.90,YAW (ç∂âEâÒì]),307863296,398041020,-747125829,-584386896
14.95,YAW (ç∂âEâÒì]),306588137,395126438,-748187439,-585675575
15.01,YAW (ç∂âEâÒì]),305348314,392601017,-749253921,-586657413
15.06,YAW (ç∂âEâÒì]),303550300,389291953,-750256659,-588511211
15.11,YAW (ç∂âEâÒì]),301094233,385151290,-750783587,-591816073
15.16,YAW (ç∂âEâÒì]),296858244,378788222,-751793699,-596759926
15.21,YAW (ç∂âEâÒì]),291385921,371010897,-753612789,-602025276
15.26,YAW (ç∂âEâÒì]),284984175,360780990,-755918518,-608382939
15.31,YAW (ç∂âEâÒì]),278696378,351219885,-758182375,-614047161
15.36,YAW (ç∂âEâÒì]),272398943,341272074,-760256787,-619889763
15.41,YAW (ç∂âEâÒì]),265278263,330751298,-762560258,-625822966
15.46,YAW (ç∂âEâÒì]),258335607,321853547,-764593011,-630866109
15.51,YAW (ç∂âEâÒì]),250476090,312568388,-767147467,-635585559
15.56,YAW (ç∂âEâÒì]),243146870,303662551,-769670254,-639685756
15.61,YAW (ç∂âEâÒì]),235502226,294494464,-772060226,-643938062
15.66,YAW (ç∂âEâÒì]),228073044,286001425,-774159571,-647907665
15.71,YAW (ç∂âEâÒì]),220323594,276620994,-776032194,-652406226
15.76,YAW (ç∂âEâÒì]),213303251,267793228,-777403143,-656775743
15.81,YAW (ç∂âEâÒì]),205806332,258077858,-778795044,-661391990
15.86,YAW (ç∂âEâÒì]),198895868,248609562,-780448956,-665172651
15.91,YAW (ç∂âEâÒì]),190923136,237544046,-782581900,-669035322
15.97,YAW (ç∂âEâÒì]),182971587,226453569,-784891788,-672388706
16.02,YAW (ç∂âEâÒì]),169947189,212920315,-788126509,-676432560
16.07,YAW (ç∂âEâÒì]),153983718,197216603,-791280786,-681315533
16.12,YAW (ç∂âEâÒì]),136890912,181318895,-793766749,-686469369
16.17,YAW (ç∂âEâÒì]),125579966,169367129,-795306378,-689893996
16.22,YAW (ç∂âEâÒì]),117765052,159076440,-795822887,-693118691
16.27,YAW (ç∂âEâÒì]),113226145,150353679,-795959642,-695660383
16.32,YAW (ç∂âEâÒì]),109910144,141529848,-795978458,-698017813
16.37,YAW (ç∂âEâÒì]),107564386,133996070,-795728113,-700152295
16.42,YAW (ç∂âEâÒì]),106482762,125587006,-795928659,-701646925
16.47,YAW (ç∂âEâÒì]),105824312,117254006,-796339424,-702721668
16.52,YAW (ç∂âEâÒì]),105007146,109806363,-797217202,-703052138
16.57,YAW (ç∂âEâÒì]),104509946,101692000,-797552449,-703965917
16.62,YAW (ç∂âEâÒì]),103657661,94789154,-797850179,-704717467
16.67,YAW (ç∂âEâÒì]),102965540,88165323,-799187900,-704162752
16.72,YAW (ç∂âEâÒì]),103423852,85834426,-800594807,-702784051
16.77,YAW (ç∂âEâÒì]),104859728,89085031,-800471116,-702307480
16.82,YAW (ç∂âEâÒì]),108078585,95807282,-798604722,-703059023
16.87,YAW (ç∂âEâÒì]),112356315,102102815,-796578758,-703800304
16.92,YAW (ç∂âEâÒì]),118638725,110140829,-794715480,-703663747
16.98,YAW (ç∂âEâÒì]),129503708,120671208,-791709404,-703409538
17.03,YAW (ç∂âEâÒì]),142927115,132971391,-788158747,-702579354
17.08,YAW (ç∂âEâÒì]),160005339,148548685,-784441074,-699932350
17.13,YAW (ç∂âEâÒì]),177490686,164916361,-780421302,-696536973
17.18,YAW (ç∂âEâÒì]),192645931,180228216,-776398008,-693204862
17.23,YAW (ç∂âEâÒì]),205749387,194371012,-772683822,-689759612
17.28,YAW (ç∂âEâÒì]),221784350,211293522,-768445460,-684528915
17.33,YAW (ç∂âEâÒì]),238040132,227315421,-763850825,-679056714
17.38,YAW (ç∂âEâÒì]),257453465,244532600,-757942511,-672581729
17.43,YAW (ç∂âEâÒì]),276715280,262065888,-751436253,-665593864
17.48,YAW (ç∂âEâÒì]),299819022,284644813,-742757679,-655986603
17.53,YAW (ç∂âEâÒì]),318656030,304489979,-734544669,-647386924
17.58,YAW (ç∂âEâÒì]),337590124,324032030,-725538829,-638397263
17.63,YAW (ç∂âEâÒì]),353303661,339775775,-717810659,-630395363
17.68,YAW (ç∂âEâÒì]),368568070,354727439,-709844109,-622389648
17.73,YAW (ç∂âEâÒì]),381223831,367984804,-702731280,-615098230
17.78,YAW (ç∂âEâÒì]),394032308,381173873,-694544467,-608255301
17.83,YAW (ç∂âEâÒì]),404216708,392957763,-686979095,-602639428
17.88,YAW (ç∂âEâÒì]),413782854,405444724,-678205702,-597793327
17.93,YAW (ç∂âEâÒì]),421375929,416803418,-670342271,-593531791
17.99,YAW (ç∂âEâÒì]),429529834,428489328,-661910989,-588809280
18.04,YAW (ç∂âEâÒì]),437113590,438558531,-654331539,-584268665
18.09,YAW (ç∂âEâÒì]),444937254,449557620,-645818722,-579455324
18.14,YAW (ç∂âEâÒì]),452120395,458958496,-638187869,-574962609
18.19,YAW (ç∂âEâÒì]),459548037,467246421,-631031759,-570277836
18.24,YAW (ç∂âEâÒì]),467199612,475583819,-623812339,-565087808
18.29,YAW (ç∂âEâÒì]),475555187,483447717,-616272249,-559692410
18.34,YAW (ç∂âEâÒì]),485314938,491899578,-608117786,-552827715
18.39,YAW (ç∂âEâÒì]),494949486,499734698,-600377767,-545672323
18.44,YAW (ç∂âEâÒì]),505717635,508980175,-591276271,-537124507
18.49,YAW (ç∂âEâÒì]),516269444,519186051,-580963233,-528502539
18.54,YAW (ç∂âEâÒì]),526094641,530361226,-569956846,-519626888
18.59,YAW (ç∂âEâÒì]),534471036,540974597,-559656405,-511266478
18.64,YAW (ç∂âEâÒì]),542727236,551675988,-548816752,-502814512
18.69,YAW (ç∂âEâÒì]),549763614,560116585,-538945434,-496476294
18.74,YAW (ç∂âEâÒì]),556717570,567637593,-529674451,-490122022
18.79,YAW (ç∂âEâÒì]),562737914,574012328,-521528711,-484525748
18.84,YAW (ç∂âEâÒì]),569104360,580501592,-512924169,-478506459
18.89,YAW (ç∂âEâÒì]),575160543,586608720,-505111386,-472085331
18.94,YAW (ç∂âEâÒì]),581919075,593662722,-496328949,-464234688
18.99,YAW (ç∂âEâÒì]),588426571,600260692,-487596887,-456740688
19.05,ROLL (åXÇ´),595312929,607865536,-477812674,-448016253
19.10,ROLL (åXÇ´),601812113,614196119,-468628259,-440334384
19.15,ROLL (åXÇ´),608567188,620232709,-458455725,-433240371
19.20,ROLL (åXÇ´),613978622,624744676,-449841300,-428122242
19.25,ROLL (åXÇ´),618802739,629022259,-442121857,-422923089
19.30,ROLL (åXÇ´),624331705,633839954,-433607773,-416368398
19.35,ROLL (åXÇ´),629918698,638885069,-425090913,-408959075
19.40,ROLL (åXÇ´),636273294,644751466,-415104594,-400076897
19.45,ROLL (åXÇ´),641599338,650082606,-406135520,-392069306
19.50,ROLL (åXÇ´),646299887,654894632,-397847406,-384770613
19.55,ROLL (åXÇ´),649615027,658992308,-391195191,-378968711
19.60,ROLL (åXÇ´),653337264,663151856,-384141200,-372474268
19.65,ROLL (åXÇ´),657488930,667251664,-376670364,-365410004
19.70,ROLL (åXÇ´),662982676,671900027,-366941272,-356763137
19.75,ROLL (åXÇ´),668732978,675944765,-357269933,-348101391
19.80,ROLL (åXÇ´),675073377,679252921,-347818394,-338873538
19.85,ROLL (åXÇ´),681239490,680472730,-342323740,-329553614
19.90,ROLL (åXÇ´),688272510,680845859,-337818317,-318637977
19.96,ROLL (åXÇ´),694142549,681388450,-332971578,-309721385
20.01,ROLL (åXÇ´),698751730,682639597,-327566237,-302276472
20.06,ROLL (åXÇ´),701586322,684620826,-322194739,-296956252
20.11,ROLL (åXÇ´),704036898,687212281,-316099257,-291674638
20.16,ROLL (åXÇ´),706667516,690149686,-309198095,-285713984
20.21,ROLL (åXÇ´),708680908,692702730,-303645524,-280455346
20.26,ROLL (åXÇ´),710867548,694526458,-299127631,-275217182
20.31,ROLL (åXÇ´),713588528,695818191,-296556750,-267589349
20.36,ROLL (åXÇ´),714587265,698010186,-295036069,-260810366
20.41,ROLL (åXÇ´),713301154,700666867,-293914062,-258463610
20.46,ROLL (åXÇ´),711787501,701995444,-293478114,-259524666
20.51,ROLL (åXÇ´),711556682,703300083,-290955637,-259465618
20.56,ROLL (åXÇ´),711978648,705498823,-286048293,-257790030
20.61,ROLL (åXÇ´),713297043,708929167,-277776011,-253749399
20.66,ROLL (åXÇ´),716102409,713420295,-265935792,-245822053
20.71,ROLL (åXÇ´),719985801,718272872,-251167077,-235671664
20.76,ROLL (åXÇ´),720067637,723982975,-241216605,-228226433
20.81,ROLL (åXÇ´),719107696,731313568,-228464570,-220884658
20.86,ROLL (åXÇ´),718705788,737241553,-216749760,-214191338
20.91,ROLL (åXÇ´),717848936,741021192,-209326697,-211386708
20.96,ROLL (åXÇ´),715944915,743543681,-205544190,-212694064
21.01,ROLL (åXÇ´),713645690,744812855,-204447381,-216994045
21.06,ROLL (åXÇ´),711941053,745311948,-203448953,-221765795
21.12,ROLL (åXÇ´),710332100,744797437,-205047372,-227117083
21.17,ROLL (åXÇ´),707459272,743737614,-209693216,-235172276
21.22,ROLL (åXÇ´),704913010,740322335,-218192603,-245629765
21.27,ROLL (åXÇ´),702101770,735857722,-228767429,-257203207
21.32,ROLL (åXÇ´),701349921,729797796,-238597140,-267388063
21.37,ROLL (åXÇ´),700117133,725592969,-246402468,-274878476
21.42,ROLL (åXÇ´),697054640,721363569,-255196911,-285561685
21.47,ROLL (åXÇ´),691993198,711837596,-272097056,-305478890
21.52,ROLL (åXÇ´),678571957,699125324,-301440302,-335885589
21.57,ROLL (åXÇ´),660126788,683242540,-337557391,-369308506
21.62,ROLL (åXÇ´),642509141,664710937,-372181667,-399679485
21.67,ROLL (åXÇ´),629363820,648265763,-404101635,-416264410
21.72,ROLL (åXÇ´),619691232,632521233,-437160265,-421559106
21.77,ROLL (åXÇ´),608013748,620733440,-468672166,-422228833
21.82,ROLL (åXÇ´),597260587,603650038,-502515824,-423421515
21.87,ROLL (åXÇ´),594355993,579369585,-531640865,-425853653
21.92,ROLL (åXÇ´),593490469,553553403,-556235237,-429966932
21.97,ROLL (åXÇ´),595612739,532526590,-571290543,-433831210
22.03,ROLL (åXÇ´),603646971,507221192,-584626443,-435282008
22.08,ROLL (åXÇ´),613720005,482789854,-596143037,-433355167
22.13,ROLL (åXÇ´),623958297,460233716,-606573396,-428778720
22.18,ROLL (åXÇ´),631070890,446252872,-612814291,-424249997
22.23,ROLL (åXÇ´),635664678,439077448,-615409926,-421109896
22.28,ROLL (åXÇ´),638158725,435801712,-616823681,-418664980
22.33,ROLL (åXÇ´),638580660,434838464,-618265774,-416892303
22.38,ROLL (åXÇ´),638375033,432760943,-620966781,-415351714
22.43,ROLL (åXÇ´),637805437,429534890,-623833390,-415279924
22.48,ROLL (åXÇ´),636980382,423957175,-628038807,-415938787
22.53,ROLL (åXÇ´),636202134,416815602,-632781210,-417158301
22.58,ROLL (åXÇ´),635531341,408017719,-638661932,-417916143
22.63,ROLL (åXÇ´),635505984,399636709,-643762969,-418226487
22.68,ROLL (åXÇ´),635964712,390014264,-649093061,-418374795
22.73,ROLL (åXÇ´),636751984,380737566,-653654730,-418620138
22.78,ROLL (åXÇ´),637973530,370329174,-658284415,-418842709
22.83,ROLL (åXÇ´),639430151,360973904,-662145343,-418702725
22.88,ROLL (åXÇ´),640834248,353205848,-665138786,-418436379
22.94,ROLL (åXÇ´),642170620,347043549,-667447977,-417866459
22.99,ROLL (åXÇ´),643521557,340387494,-670033813,-417124153
23.04,ROLL (åXÇ´),644445323,333334467,-673223111,-416257748
23.09,ROLL (åXÇ´),645974561,323862848,-676909708,-415384735
23.14,ROLL (åXÇ´),648364713,315093182,-679686531,-413868596
23.19,ROLL (åXÇ´),651148621,307134047,-682157945,-411407585
23.24,ROLL (åXÇ´),653327045,300950083,-684149966,-409210403
23.29,ROLL (åXÇ´),654298300,297196538,-685433120,-408253474
23.34,ROLL (åXÇ´),654352649,295927505,-686103143,-407962630
23.39,ROLL (åXÇ´),654593098,294980197,-686230332,-408049013
23.44,ROLL (åXÇ´),654873433,294770393,-685679969,-408675533
23.49,ROLL (åXÇ´),653991796,297399195,-684251474,-410572625
23.54,ROLL (åXÇ´),651227775,302954652,-682507576,-413794369
23.59,ROLL (åXÇ´),646157803,310843255,-680999066,-418351941
23.65,ROLL (åXÇ´),640417625,318492979,-680028075,-422978506
23.70,ROLL (åXÇ´),631930716,329543760,-677518590,-431224477
23.75,ROLL (åXÇ´),620286505,344397142,-673416829,-442794023
23.80,ROLL (åXÇ´),604727152,361805038,-668867929,-457098882
23.85,ROLL (åXÇ´),590116558,375925902,-665665267,-469311654
23.90,ROLL (åXÇ´),575753108,389323651,-662362283,-480763111
23.95,ROLL (åXÇ´),564223346,401152145,-658248595,-490264488
24.00,ROLL (åXÇ´),550653109,416750463,-650181105,-503275514
24.05,ROLL (åXÇ´),536939445,433621481,-639714081,-517064645
24.10,ROLL (åXÇ´),522940843,450632423,-628168675,-530837938
24.15,ROLL (åXÇ´),510578116,464158932,-618159155,-542832607
24.20,ROLL (åXÇ´),498273696,475272381,-609857574,-553926654
24.25,ROLL (åXÇ´),484193008,486088335,-601871048,-565639471
24.30,ROLL (åXÇ´),470794710,495159031,-593916029,-577369147
24.35,ROLL (åXÇ´),456406371,504171355,-584989078,-590096396
24.40,ROLL (åXÇ´),443797815,511889227,-576696413,-601128668
24.45,ROLL (åXÇ´),430949821,520269237,-567931136,-611537332
24.50,ROLL (åXÇ´),420370467,526947404,-560919430,-619601489
24.55,ROLL (åXÇ´),408671457,534070555,-553802100,-627679078
24.60,ROLL (åXÇ´),397430624,540737199,-547248035,-634896275
24.65,ROLL (åXÇ´),385170304,547193251,-540305405,-642817982
24.70,ROLL (åXÇ´),374389177,552840527,-533898648,-649672101
24.76,ROLL (åXÇ´),364156691,557943566,-527869767,-656021263
24.81,ROLL (åXÇ´),355049923,562499151,-522595850,-661323933
24.86,ROLL (åXÇ´),345542347,566074301,-517859918,-667010484
24.91,ROLL (åXÇ´),336141904,569518390,-513446419,-672273537
24.96,ROLL (åXÇ´),325910473,572582200,-508345426,-678556129
25.01,ROLL (åXÇ´),314975856,576192791,-502702602,-684838433
25.06,ROLL (åXÇ´),302269248,581850547,-494693664,-691580025
25.11,ROLL (åXÇ´),292673102,585932373,-487852668,-697098982
25.16,ROLL (åXÇ´),285052880,588562305,-481980729,-702107793
25.21,ROLL (åXÇ´),279032001,590153947,-478398968,-705631205
25.26,ROLL (åXÇ´),273306343,592016478,-476057651,-707891769
25.31,ROLL (åXÇ´),268344567,593775893,-474080719,-709641012
25.36,ROLL (åXÇ´),263921327,595752969,-471546811,-711329069
25.41,ROLL (åXÇ´),259586709,597485712,-468716678,-713338455
25.46,ROLL (åXÇ´),255826744,598910569,-466351207,-715050255
25.51,ROLL (åXÇ´),250478324,599814019,-464713867,-717249108
25.56,ROLL (åXÇ´),245114434,600168800,-463801604,-719392736
25.61,ROLL (åXÇ´),240226227,600595238,-462157444,-721740069
25.66,ROLL (åXÇ´),236833678,600718617,-460307994,-723937158
25.71,ROLL (åXÇ´),232147257,601170200,-457846916,-726635915
25.77,ROLL (åXÇ´),226939748,601742684,-455557855,-729241142
25.82,ROLL (åXÇ´),221129862,602843053,-453137166,-731621526
25.87,ROLL (åXÇ´),216048175,604349707,-451564715,-732867955
25.92,ROLL (åXÇ´),210451094,606230174,-449806135,-734024020
25.97,ROLL (åXÇ´),204703916,607347304,-447064746,-736396755
26.02,STAY (ê√é~),198701481,607811545,-443245454,-739957990
26.07,STAY (ê√é~),194531817,607586534,-439783905,-743308551
26.12,STAY (ê√é~),191487020,607473429,-436150588,-746326286
26.17,STAY (ê√é~),189944178,607660802,-433910959,-747871879
26.22,STAY (ê√é~),189611240,608354673,-432372813,-748282986
26.27,STAY (ê√é~),191304568,608367113,-431937465,-748093276
26.32,STAY (ê√é~),195609388,607293367,-434396914,-746426531
26.37,STAY (ê√é~),202854504,605243497,-439806724,-742981771
26.42,STAY (ê√é~),218482536,600473292,-449197424,-736777028
26.47,STAY (ê√é~),237206170,596199074,-457643382,-729221460
26.52,STAY (ê√é~),256355633,591369531,-465391952,-721731049
26.57,STAY (ê√é~),271581184,585765246,-472311346,-716216613
26.62,STAY (ê√é~),284606920,579638731,-478884195,-711764906
26.67,STAY (ê√é~),298801699,572904828,-486678070,-706090341
26.73,STAY (ê√é~),314000956,565783544,-494749093,-699597903
26.78,STAY (ê√é~),328299457,559138346,-503092444,-692389543
26.83,STAY (ê√é~),344240313,551306658,-513052702,-683562736
26.88,STAY (ê√é~),358315926,543882247,-522231206,-675276148
26.93,STAY (ê√é~),372719079,535138098,-532113314,-666696809
26.98,STAY (ê√é~),384371065,527085614,-540658614,-659582755
27.03,STAY (ê√é~),395397544,518238336,-547572187,-654351600
27.08,STAY (ê√é~),401318852,509884700,-553089004,-652667475
27.13,STAY (ê√é~),404345821,500245331,-561037353,-651473456
27.18,STAY (ê√é~),406480796,492563720,-567791205,-650145371
27.23,STAY (ê√é~),410027856,485856938,-574487264,-647075021
27.28,STAY (ê√é~),414621601,480077907,-580870031,-642748510
27.33,STAY (ê√é~),419881310,474813625,-586511649,-638104459
27.38,STAY (ê√é~),425536413,468731882,-592061030,-633714786
27.43,STAY (ê√é~),430563533,461082230,-597057383,-631238634
27.48,STAY (ê√é~),432748815,451688512,-603200210,-630695624
27.53,STAY (ê√é~),431447244,445873134,-608270415,-630855796
27.58,STAY (ê√é~),430566807,440906777,-612925725,-630441912
27.63,STAY (ê√é~),431482558,437365207,-615885389,-629397469
27.68,STAY (ê√é~),432425330,435620875,-617832382,-628050511
27.73,STAY (ê√é~),432473140,435846882,-618741154,-626965206
27.78,STAY (ê√é~),431787755,437556994,-618918765,-626070508
27.84,STAY (ê√é~),432253800,438436759,-618899748,-625151559
27.89,STAY (ê√é~),433187809,439578841,-617961654,-624630826
27.94,STAY (ê√é~),433681708,440840945,-616937811,-624410670
27.99,STAY (ê√é~),433348703,442238741,-616233989,-624348442
28.04,STAY (ê√é~),433232718,442661565,-615902761,-624456126
28.09,STAY (ê√é~),433620316,442848182,-615364548,-624585372
28.14,STAY (ê√é~),433977830,443261511,-614966505,-624435890
28.19,STAY (ê√é~),433991985,444002823,-614770587,-624092209
28.24,STAY (ê√é~),433842626,444552453,-614634396,-623938908
28.29,STAY (ê√é~),433406934,445409000,-614369844,-623891381
28.34,STAY (ê√é~),433047722,445831507,-614062473,-624141590
28.39,STAY (ê√é~),433011824,445683232,-613851949,-624479390
28.44,STAY (ê√é~),433440427,445107561,-613597771,-624842329
28.49,STAY (ê√é~),434128029,444419990,-613196685,-625248000
28.54,STAY (ê√é~),436433051,441854743,-613252081,-625407045
28.59,STAY (ê√é~),440267146,437090666,-614099470,-625235907
28.64,STAY (ê√é~),445218434,430696806,-616066954,-624230586
28.70,STAY (ê√é~),453413729,420490963,-620094813,-621294836
28.75,STAY (ê√é~),463598159,407688715,-626389506,-615974312
28.80,STAY (ê√é~),477621210,390323828,-636482657,-606083019
28.85,STAY (ê√é~),491934401,373646314,-646201514,-594755486
28.90,STAY (ê√é~),507511006,356052671,-655928711,-581668384
28.95,STAY (ê√é~),521574540,339931800,-665158113,-568236365
29.00,STAY (ê√é~),535458452,323346257,-674320117,-554026475
29.05,STAY (ê√é~),546778756,309088641,-681709064,-541933083
29.10,STAY (ê√é~),556603822,296731923,-688166101,-530557515
29.15,STAY (ê√é~),563480608,288441625,-692155310,-522621823
29.20,STAY (ê√é~),568814585,282399739,-694969209,-516371633
29.25,STAY (ê√é~),572189185,278946558,-696897415,-511902197
29.30,STAY (ê√é~),575579644,277093867,-699202701,-505929002
29.35,STAY (ê√é~),580475538,276116428,-701494098,-497629790
29.40,STAY (ê√é~),585894724,274571074,-703235248,-489611881
29.45,STAY (ê√é~),591385774,273202513,-704700502,-481603539
29.50,STAY (ê√é~),596113616,271396574,-705920683,-474963107
29.55,STAY (ê√é~),599850747,268614343,-707642756,-469242641
29.60,STAY (ê√é~),602763608,263225295,-709619859,-465563787
29.65,STAY (ê√é~),605190031,255503608,-712756012,-461912663
29.71,STAY (ê√é~),606357314,249424331,-715398276,-459614107
29.76,STAY (ê√é~),606984324,243940010,-717483129,-458478761
29.81,STAY (ê√é~),607038894,240111124,-718936732,-458150535
29.86,STAY (ê√é~),606831452,237604164,-718632429,-460205164
29.91,STAY (ê√é~),606452820,235566531,-716963714,-464336012
29.96,STAY (ê√é~),606589059,235251517,-713408081,-469762555
